id,Car,Model,Vin,year,DateSales,Address
1,Ford,Taurus,WA1YL54B65N643086,,,
2,Volkswagen,Touareg,19UUA66285A189929,2010,9/10/2013,PO Box 48548
3,Ford,Explorer,1G6YX36D365936025,1995,22/10/2006,Suite 36
4,Audi,A8,WBAPK53569A461317,2000,18/2/2005,PO Box 75995
5,Eagle,Vision,5TFCY5F11BX520690,,,
6,Chevrolet,S10 Blazer,1GKS1HE0XBR157468,1993,28/7/2011,PO Box 27981
7,Mitsubishi,Diamante,WAUKH78E67A197316,2000,22/8/2017,Suite 78
8,Honda,CR-V,WAUKH98EX8A221632,2004,6/11/2000,Apt 1865
9,BMW,M3,5J8TB3H52DL731513,1996,25/8/2010,PO Box 34840
10,Ford,Laser,1G4HP54K414817825,,,
11,GMC,Yukon XL 2500,WBA3B9C5XEJ747672,2011,14/10/2001,PO Box 67445
12,Dodge,Dakota Club,WBSCL93491L186329,1994,12/6/2007,Room 824
13,Isuzu,Axiom,2C3CDXBG6DH134862,,,
14,Pontiac,Solstice,3GYFNAE38FS191313,2006,12/6/2009,PO Box 46426
15,Audi,Q7,2G4WD582791859603,2012,28/12/2022,PO Box 25663
16,Audi,5000S,3VW467AT1CM469971,1985,8/3/2007,PO Box 94760
17,Ford,Crown Victoria,1G6KE57Y54U229410,2003,1/8/2020,Suite 32
18,Volkswagen,Eurovan,3GYVKMEF0AG905995,1994,14/12/2011,12th Floor
19,Mercedes-Benz,S-Class,JTHBL5EF4D5604300,,,
20,Volkswagen,GTI,3C6JD6DT5CG632662,1987,1/11/2010,18th Floor
21,GMC,Sonoma,2C3CCABG6EH631007,,,
22,Isuzu,Rodeo Sport,3VWKZ8AJ3BM862131,2002,12/10/2000,Apt 684
23,Mitsubishi,Cordia,WAUUL78E78A801271,1988,30/11/2013,Apt 660
24,Honda,S2000,1N6AA0CC3FN632524,,,
25,Hyundai,Tucson,WBABW53496P874721,2011,24/10/2014,3rd Floor
26,Bentley,Continental,WBAWB335X8P794373,,,
27,Toyota,FJ Cruiser,WAUKF98E48A357860,2012,12/7/2005,Apt 1265
28,Hyundai,Equus,JH4DC44541S389266,,,
29,Land Rover,Discovery Series II,SCBCU7ZAXAC983570,2001,14/11/2010,PO Box 65812
30,GMC,Sierra Hybrid,1GYS3JEF4DR802906,2006,3/3/2002,Suite 69
31,Lincoln,MKX,KNADH4A35B6151083,,,
32,Chevrolet,Blazer,WA1CFAFP8DA164886,1995,19/2/2005,3rd Floor
33,Toyota,Previa,JN8AF5MR3DT028280,1993,27/3/2021,Room 1465
34,Oldsmobile,Toronado,KNADM4A30C6819031,1992,21/12/2006,Suite 96
35,Ford,E150,WA1WMBFE7FD050273,2008,9/6/2019,PO Box 59141
36,Chrysler,Cirrus,2C4RDGEG3FR633780,1996,7/1/2013,Apt 201
37,Volkswagen,Jetta,SCFEBBAK0DG001255,1997,2/7/2012,Room 1368
38,Toyota,Land Cruiser,2G61V5S87F9893159,2003,21/3/2006,PO Box 19882
39,BMW,6 Series,JA32U2FU5FU156778,2004,18/12/2004,10th Floor
40,Chevrolet,Sportvan G20,SCFFDCCDXCG602867,,,
41,Chevrolet,G-Series G10,WBANE73597C364222,1992,19/2/2015,PO Box 53255
42,Honda,Civic Si,3GYEK63N73G989032,2005,17/12/2020,Apt 1933
43,Kia,Sorento,1GT010CG3CF860451,2011,28/6/2010,Apt 571
44,Buick,Coachbuilder,1FBNE3BL2AD287983,1992,4/5/2018,6th Floor
45,Mitsubishi,Montero,SCFFDCCD1BG713564,,,
46,Dodge,Ram 1500 Club,1C4RDJEGXDC489292,1995,13/1/2013,PO Box 40166
47,Mercury,Sable,4T1BK3DB2BU184980,1998,2/9/2017,Room 634
48,Buick,Enclave,3VWKP7AJXEM140031,2011,22/8/2007,PO Box 1220
49,GMC,Yukon XL 2500,WBAPH735X9E559009,,,
50,Ford,Thunderbird,WBA3C1C59CF571227,2006,12/5/2008,Suite 42
51,Ford,F350,WBA3T3C57EJ002615,,,
52,Plymouth,Grand Voyager,2T3BFREV2DW897159,1992,3/3/2004,PO Box 42666
53,Volkswagen,New Beetle,TRUDD38J891416766,1998,21/5/2010,13th Floor
54,Lexus,GS,WAUGFAFCXEN936011,,,
55,Hyundai,Sonata,4T1BF1FKXEU469274,1995,6/9/2021,16th Floor
56,Mercury,Topaz,1G6DM57N740079132,1991,2/10/2014,Suite 55
57,Honda,Accord,WAUXL58E14A961559,1992,28/6/2002,PO Box 26282
58,Ford,E250,WBAGN63412D388415,2005,2/5/2009,20th Floor
59,Subaru,Loyale,3C3CFFER6CT309067,1993,5/8/2005,Suite 93
60,Mitsubishi,Eclipse,WAUSG74F49N528956,2003,15/9/2019,Room 782
61,Nissan,Maxima,4A31K5DF0CE790902,1994,20/1/2000,PO Box 97204
62,Lincoln,Town Car,JN1AZ4EH2DM159586,2008,25/7/2019,Apt 1321
63,Mitsubishi,Galant,SCFFDAAE8CG775576,1989,17/5/2002,Suite 56
64,Chevrolet,Silverado 3500,3VW467AT6DM260887,2011,9/4/2008,5th Floor
65,Toyota,4Runner,1G4GB5GR4EF772222,2012,23/5/2016,Room 1993
66,Lexus,IS,5J8TB3H33FL181045,2012,5/10/2011,Suite 54
67,Chrysler,PT Cruiser,WBAGL63525D342465,,,
68,Volkswagen,Jetta,3D7TT2CT4AG335139,1988,15/12/2003,Room 1706
69,Chrysler,Crossfire,JHMZF1C69ES517576,2004,3/11/2016,Apt 1549
70,Mitsubishi,Galant,SALAB2D4XAA366494,2012,8/10/2002,PO Box 24607
71,Volkswagen,Cabriolet,WAUDFAFC9CN071547,1996,23/11/2003,Suite 93
72,Mazda,Mazdaspeed6,WBSBR93466P210662,2007,28/8/2022,15th Floor
73,Buick,Park Avenue,2FMDK3AC8AB422225,1998,14/6/2010,Suite 90
74,Ford,Windstar,WA1DVBFE9AD532885,2002,27/10/2014,PO Box 38551
75,Mercury,Grand Marquis,WBAFR9C52DD963702,1989,3/4/2021,Apt 1182
76,Volvo,S40,1N6AA0CJ9FN740712,2008,3/3/2009,Room 829
77,Chevrolet,3500,1FBNE3BL4AD572636,1999,10/1/2019,Room 1566
78,Jeep,Liberty,SCBGT3ZAXEC826043,2011,19/1/2012,Suite 84
79,GMC,Yukon,WVWED7AJ7DW211810,,,
80,BMW,3 Series,1GD120EG0BF349062,2001,6/7/2009,Room 543
81,Ford,E-Series,1G4HE5EM2AU324490,,,
82,Mitsubishi,Montero Sport,WBSBL93411J228855,2001,1/6/2006,17th Floor
83,Chevrolet,TrailBlazer,WBA3N3C5XFK654487,2004,9/5/2004,Suite 40
84,Hummer,H1,1G6DN57U470163563,2006,30/11/2018,Room 1645
85,Buick,LeSabre,1C4NJCBA0FD933683,1986,3/6/2005,PO Box 34067
86,Audi,Coupe GT,WA1CGAFPXFA317428,1987,14/9/2018,Suite 62
87,Subaru,Leone,1N6AA0CA6DN827495,1989,11/4/2004,PO Box 95273
88,Mazda,626,5FNYF3H40EB592633,2000,17/5/2005,Apt 497
89,Dodge,Ramcharger,WA1LYAFE7AD408336,,,
90,Dodge,Charger,WVGBF7A97AD977364,1969,5/3/2019,Suite 65
91,Chrysler,Town & Country,3D4PH3FG2BT681123,,,
92,Volkswagen,Golf,3VW4T7AT3EM397215,,,
93,Mitsubishi,Pajero,WBAAV53471J451372,2001,10/9/2002,PO Box 83854
94,Chevrolet,1500,TRUWT28NX41434784,1997,4/4/2018,PO Box 82105
95,Kia,Sorento,3C3CFFCRXDT026241,,,
96,Lexus,GX,KNAGM4A74B5243089,2004,7/3/2020,Suite 63
97,Chevrolet,Prizm,2HKRM3H38DH729738,2000,12/12/2008,18th Floor
98,Lexus,GS,WBAXG5C53DD162246,2010,16/7/2004,Suite 27
99,Lincoln,MKZ,JH4CL95967C090259,2008,7/7/2015,Room 1947
100,Lexus,RX,KL4CJASB6FB048737,2010,1/7/2017,16th Floor
101,Cadillac,Eldorado,JN8AZ2KR4CT207368,2001,27/10/2018,Room 1717
102,Chevrolet,S10 Blazer,JA32U2FU0EU602897,1994,22/3/2011,4th Floor
103,Lincoln,Navigator,JTEBU5JR6A5545353,2012,27/10/2020,14th Floor
104,Ford,F-Series,WBAKC8C5XAC771083,1990,7/1/2002,Room 87
105,Subaru,Impreza,5J8TB4H54GL609388,2002,19/12/2008,PO Box 90038
106,Toyota,Solara,KMHCM3AC0AU626374,2007,17/1/2016,Apt 898
107,Ford,Crown Victoria,YV440MBK7F1141610,1993,30/12/2013,Room 1334
108,Buick,LeSabre,1G6AB5RA3F0530997,1994,9/10/2016,Room 1396
109,Mercedes-Benz,CLK-Class,3D7TT2HT6BG073568,2004,14/7/2017,PO Box 12186
110,Land Rover,Range Rover,1D4SD6GT6BC088881,2002,24/1/2018,PO Box 926
111,Chevrolet,Beretta,WBABD33495J149891,,,
112,Nissan,Sentra,2T1BURHE6FC227449,,,
113,Oldsmobile,Achieva,YV1672MC3CJ172683,1994,31/12/2004,16th Floor
114,Plymouth,Acclaim,KNAFZ6A32F5483575,1992,30/8/2015,Suite 56
115,Cadillac,Escalade EXT,1N6AD0CU6EN048424,2009,23/7/2006,7th Floor
116,Dodge,Charger,JA32X8HW9DU779889,2010,5/5/2016,13th Floor
117,Mazda,B-Series,WAUKGAFB8BN638244,1986,9/8/2022,Room 1795
118,Aston Martin,Vanquish S,WA1WMAFE9ED642315,2005,13/2/2013,14th Floor
119,Land Rover,Range Rover,3GYFNAE31ES717165,1988,19/7/2015,Suite 14
120,Ford,Excursion,1N6AA0CA8CN438842,2003,26/1/2002,Room 1522
121,Chevrolet,Avalanche,4T1BK1EB6FU723903,2012,10/3/2010,Room 1693
122,Infiniti,M,WAUDF78E17A672952,,,
123,Acura,NSX,19VDE1F38DE230577,1992,4/3/2004,Suite 96
124,Infiniti,QX,WBAVL1C51EV661408,2008,15/1/2004,7th Floor
125,Buick,Century,WBASP4C59AC267296,1989,13/11/2010,4th Floor
126,Dodge,Ram 3500,2C3CDXEJ8FH728752,2007,19/2/2017,Suite 1
127,Ford,Escort ZX2,1G6KD54Y75U237369,2003,26/8/2006,Suite 18
128,Jaguar,XK,3C63DRLL4CG111136,2010,26/8/2011,PO Box 68038
129,Dodge,Dakota Club,WBASN0C51DD161096,1996,27/6/2006,Suite 33
130,Peugeot,207,19UUA66268A836817,2006,23/1/2015,Apt 691
131,Mercedes-Benz,SLK-Class,2T1KU4EE6DC574543,2004,25/1/2007,Room 1400
132,GMC,3500,2G61U5S3XD9523019,1992,23/4/2003,1st Floor
133,Acura,RDX,JN1CV6EK8BM438758,,,
134,Jeep,Liberty,4T1BF3EK3BU015876,2005,28/10/2016,7th Floor
135,Acura,SLX,1G6DD1E3XE0668199,1998,2/9/2008,Suite 91
136,Pontiac,Bonneville,WAUBC48H76K369451,2003,3/8/2020,Room 461
137,Dodge,Dakota,19UUB2F31FA797498,2003,16/9/2022,3rd Floor
138,BMW,545,JM1NC2NF4E0045035,2004,2/3/2020,Suite 96
139,Cadillac,SRX,1G4GD5G31FF010862,2012,2/7/2017,PO Box 7638
140,Lincoln,Navigator,5XYKT3A14CG644561,2004,25/7/2018,2nd Floor
141,Ford,Taurus,JH4NA216X4S609154,2012,16/1/2013,Room 1631
142,Land Rover,Discovery,WAUEFAFL7DA057000,,,
143,Ford,Econoline E250,1FTSW3B53AE930168,1992,1/5/2012,PO Box 96189
144,Ford,Ranger,1GD312CG5EF319019,,,
145,Chevrolet,Avalanche,YV126MFC7F1773321,2006,14/8/2008,Apt 1998
146,Buick,Skylark,1G6KA5E64BU147727,1993,20/8/2013,PO Box 33263
147,Oldsmobile,Bravada,4A4AP3AU7DE086699,1994,19/5/2012,Room 120
148,Mitsubishi,Pajero,WAUWGAFB0AN017399,1991,20/3/2003,Room 421
149,Volkswagen,Eos,WAUDH98E78A905126,2010,9/7/2010,Apt 326
150,Audi,Quattro,1C4RDHDGXDC823587,1993,7/7/2013,PO Box 91481
151,BMW,760,1N6AF0LY0EN933313,2006,19/2/2021,Room 1615
152,Mazda,Miata MX-5,KMHFG4JG6CA821218,,,
153,Pontiac,LeMans,JHMFA3F25AS304530,,,
154,Lamborghini,Diablo,WAURVAFA1AN844659,1992,21/1/2015,8th Floor
155,Mitsubishi,GTO,WAUDF78E78A979964,1997,14/2/2002,1st Floor
156,Toyota,Sienna,SCBBB7ZH7EC032621,1999,27/7/2022,Suite 51
157,Nissan,Altima,1N6AA0CA2EN026225,,,
158,Nissan,Quest,3D73M4CL7BG640936,2001,23/11/2012,2nd Floor
159,Chevrolet,2500,1G6DS8ED7B0663688,1997,8/3/2013,Apt 1739
160,BMW,600,3C6JD6BP6CG125355,,,
161,Mitsubishi,Pajero,WUAUUAFG7CN238728,1997,15/11/2005,Room 1173
162,Volkswagen,Rabbit,SALFR2BG3DH828632,2006,1/9/2012,Room 1109
163,Oldsmobile,Alero,SCFEBBAK4DG085094,2004,29/7/2018,14th Floor
164,Kia,Sedona,JM1NC2JF0F0261035,2011,17/2/2010,Apt 650
165,Nissan,Frontier,KMHTC6AD2CU002253,2010,7/2/2013,Room 1338
166,BMW,M3,SALSF2D46DA962828,1998,8/5/2015,PO Box 27578
167,Audi,S6,19UUA8F24EA014444,2010,24/9/2012,PO Box 30040
168,Hyundai,Accent,JHMZF1D48DS386782,,,
169,Chevrolet,Cobalt,WBAVC53558A694205,2010,5/11/2006,1st Floor
170,Pontiac,Firebird,2HKRM3H33EH101054,1996,16/5/2020,Suite 3
171,Audi,Q5,KNAGM4AD5B5316766,2011,2/11/2011,PO Box 18914
172,Hyundai,Azera,4T3BA3BB1DU614899,,,
173,Mitsubishi,Mirage,1FTEW1C80FK089753,,,
174,Volkswagen,GTI,3VW517AT6FM004318,2002,2/4/2013,Apt 1829
175,Land Rover,LR2,SCBGH3ZA6EC771446,2010,15/3/2010,Suite 91
176,Chrysler,Sebring,JH4DC548X3C106351,2003,3/5/2009,1st Floor
177,Aston Martin,Vantage,WAUFFBFL4CN698638,2008,12/7/2009,16th Floor
178,Buick,Skylark,JM1DE1HY0B0046594,,,
179,Mercedes-Benz,300CE,WBANE73557B092001,,,
180,Saturn,L-Series,2HNYD18855H234400,2004,22/9/2005,Room 194
181,Chevrolet,Uplander,WBABN33453J655129,2007,13/6/2007,Apt 323
182,Audi,200,WAUHFAFL0DN176643,,,
183,Scion,xD,SCBZK22E72C367004,2010,29/8/2001,3rd Floor
184,Mitsubishi,Expo LRV,WAUAF78E78A572813,1996,11/4/2001,PO Box 52474
185,Pontiac,Firebird,WAUA2AFD2DN532418,1967,6/6/2006,Room 266
186,Volkswagen,Jetta,KM8JT3AB5CU265292,2007,23/11/2016,4th Floor
187,Acura,RSX,YV126MFK9F2064536,2003,13/3/2020,Room 1017
188,Nissan,Xterra,WAUKFAFL4DA327089,2004,15/1/2010,1st Floor
189,Mitsubishi,Endeavor,WAUXL58E44A520413,2006,22/4/2008,Apt 1311
190,Ferrari,612 Scaglietti,KMHTC6AD5DU224383,2008,23/1/2017,PO Box 56339
191,Volvo,V40,SCFEBBAKXEG861147,2000,28/9/2008,Room 1387
192,Pontiac,Firebird,WA1VYAFE1AD403514,,,
193,Nissan,Sentra,2FMGK5B82EB223261,2001,9/8/2008,PO Box 30423
194,Nissan,200SX,KL4CJCSB8DB957782,1997,28/1/2017,2nd Floor
195,Buick,Estate,19VDE3F7XEE522554,1990,27/9/2021,Apt 292
196,Porsche,Panamera,3C3CFFJH1FT287089,2011,13/2/2013,PO Box 26371
197,Ford,Taurus,1N6AA0CA7EN969386,1986,11/10/2012,Suite 81
198,Cadillac,DeVille,5FNRL5H28EB511689,,,
199,Ford,Explorer Sport Trac,3N1CN7AP6DL344141,2007,19/7/2020,Room 491
200,Audi,S6,1N6AF0KX4EN000961,,,
201,Porsche,Cayenne,5J8TB3H34EL988463,2006,13/7/2018,Apt 1780
202,Honda,CR-V,WP1AE2A23CL624004,,,
203,Toyota,Sienna,1GYFK43888R422564,2008,8/9/2004,PO Box 84582
204,Ford,Explorer Sport Trac,19XFA1E66BE173297,2002,26/3/2010,Suite 73
205,Chevrolet,Suburban 2500,2HNYD18685H427204,,,
206,Mitsubishi,Endeavor,WBADW3C50BE795790,2009,3/5/2006,Room 1610
207,Dodge,Intrepid,1FTSS3EL8AD399917,,,
208,Hyundai,Excel,WBABW53496P359721,,,
209,Lincoln,Navigator,WBAUN1C50BV271420,,,
210,Ford,F350,WA1YD54B63N301227,,,
211,Dodge,Ram Van 3500,1FMCU4K35BK058475,1997,12/10/2021,16th Floor
212,Subaru,Legacy,WBAGN83494D505379,2002,8/8/2013,Room 1527
213,Mitsubishi,Mirage,1G6DK5E36C0294040,1990,23/3/2014,Suite 73
214,Lexus,LX,WAUJC68E43A896846,2011,4/10/2022,Suite 62
215,Mazda,323,WBA3B9C59DF758888,1994,18/12/2007,Apt 351
216,Mazda,Mazdaspeed 3,TRUTC28N121314226,,,
217,Hyundai,Tiburon,5UXFA13516L779533,,,
218,Mercedes-Benz,SLS AMG,WVWAB7AJ0CW580771,2012,1/7/2022,PO Box 31003
219,Dodge,Charger,WBA3T3C54F5528890,,,
220,Subaru,XT,SCFFDCBD3BG180179,1985,9/4/2001,Apt 975
221,Hyundai,Veracruz,WAUDF98EX7A573803,,,
222,Mercury,Lynx,WP0AA2A93DS734149,1987,27/2/2004,Apt 1842
223,Oldsmobile,Aurora,WAUKF98E58A202881,,,
224,Subaru,Loyale,1G4GC5ER7DF865640,,,
225,Mitsubishi,Pajero,WA1DGBFP8DA928422,,,
226,Chrysler,Cirrus,WAUHFAFL9CA822865,1996,3/12/2008,PO Box 84165
227,Volvo,V50,SALAK2V6XFA767518,2008,29/12/2019,Room 1197
228,Chevrolet,Camaro,JH4CL95805C829517,,,
229,Chevrolet,Silverado 2500,2T1KE4EE4AC407591,,,
230,Ford,Laser,1FMJK2A52AE492113,1987,11/8/2017,PO Box 75184
231,Lexus,IS-F,JN1CV6FE0BM966061,,,
232,Lexus,LS,WBAHL83546D770006,1992,24/2/2018,8th Floor
233,Toyota,Camry,1B3CB3HA4BD996390,2005,23/10/2014,Apt 1553
234,Dodge,Dakota,2C4RDGCG6FR744102,2007,15/11/2003,PO Box 93115
235,Acura,TL,5N1AN0NU9DN318379,2005,17/7/2022,Suite 41
236,Nissan,Maxima,1GD11XEG9FF237118,2012,21/5/2000,Suite 89
237,Mercedes-Benz,M-Class,JN8AS5MT6DW348506,2008,9/8/2000,4th Floor
238,Cadillac,Seville,WBAGK93461D478197,1998,17/5/2000,Suite 44
239,Pontiac,Montana,WBA3V5C51F5478343,2004,22/1/2015,Suite 83
240,Nissan,370Z,JN1AZ4EH4FM610083,,,
241,Bentley,Continental Flying Spur,5N1AR2MM0FC586480,2007,22/2/2011,Room 1745
242,Saab,9-3,WBAEP334X2P309967,2012,21/2/2020,Room 603
243,Pontiac,Bonneville,1G4HP54K714326598,1986,18/8/2000,Apt 477
244,Ford,Probe,1C4SDHCT6DC142777,,,
245,Mazda,Tribute,1FTSX2A58AE879226,2010,13/11/2008,Suite 98
246,Dodge,Sprinter,1N6BF0KM4FN010112,,,
247,Chrysler,Grand Voyager,WVWED7AJXDW718197,2000,22/2/2018,PO Box 92622
248,GMC,Jimmy,1C4NJPBA0FD388611,1996,3/7/2003,Room 1094
249,Ford,Econoline E350,1GYFK33249R083955,1995,30/9/2001,Room 800
250,Chevrolet,Silverado 3500,WVWAP7AN5DE721250,,,
251,Dodge,D150,JM1CW2BL5C0145697,,,
252,Porsche,911,2C3CDXBG1CH065559,2013,22/12/2019,Apt 186
253,Dodge,Ram 1500,1G6DM8EG2A0723489,2005,9/5/2014,PO Box 60902
254,CitroÃ«n,SM,WBAEV33414P033025,1972,12/1/2013,Room 330
255,MINI,Cooper,1N6BF0KM4FN878482,,,
256,Dodge,Viper,5XYZT3LBXEG629327,2004,25/12/2002,Room 1891
257,BMW,3 Series,WBADX7C56CE949313,2004,17/12/2002,Suite 73
258,Rolls-Royce,Phantom,WA1CGAFEXBD404754,2008,23/2/2006,PO Box 46257
259,GMC,Savana 1500,1C6RD7JT1CS242423,2005,6/7/2004,Suite 70
260,Bentley,Continental Flying Spur,4T1BF1FK8DU283019,2007,22/1/2020,Apt 312
261,Pontiac,Bonneville,1G6DM56T250762230,1991,16/6/2009,Apt 757
262,Ford,Focus ST,1D7RV1GP6AS309744,2013,29/8/2007,PO Box 15927
263,Pontiac,G3,WAUEF78E17A723418,2009,28/8/2018,Room 1382
264,Chrysler,PT Cruiser,5J6YH1H30BL852571,,,
265,Mazda,B-Series,WAUVT68E75A067404,2006,25/9/2018,PO Box 38587
266,Volkswagen,Jetta III,1GD22ZCG3DZ979087,1993,4/4/2011,Apt 1201
267,Honda,Odyssey,1FAHP3FN4AW922357,2006,30/4/2019,Room 1168
268,Ford,F150,WDCGG0EB3EG280462,2001,4/2/2006,17th Floor
269,MINI,Cooper Countryman,WAUHFBFL9AN555786,2011,25/12/2014,Room 231
270,Mazda,RX-8,SCBGR3ZA1DC980220,2011,12/4/2009,5th Floor
271,Dodge,Sprinter,1D7RE2BK4BS081665,,,
272,Mercury,Grand Marquis,1GYS4DEF2ER884554,1996,1/2/2000,Suite 10
273,Porsche,Cayenne,1GYEE637960960018,2009,23/1/2022,Apt 1841
274,Honda,FCX Clarity,1HGCR2E78FA728741,2012,23/4/2015,Room 806
275,Mercedes-Benz,CLK-Class,1FBNE3BL8ED770514,,,
276,BMW,X3,3D73Y4CL4AG023822,2007,17/7/2003,Room 792
277,Oldsmobile,Alero,YV126MEC4F1080837,2004,17/5/2008,3rd Floor
278,Chevrolet,Monte Carlo,JN1BV7AP6FM712841,2003,28/5/2001,Suite 32
279,Chevrolet,Suburban 1500,3D7JB1EP4BG305161,,,
280,Nissan,Xterra,3C63D2EL7CG150274,2002,20/9/2021,Suite 7
281,Dodge,Daytona,3C3CFFDR6FT503734,,,
282,Buick,Roadmaster,JN8AZ2NEXF9944858,1996,9/11/2010,11th Floor
283,Mercury,Cougar,3LNHL2GC5CR305483,2002,21/11/2004,Suite 73
284,Ford,Taurus,WA1CMAFE1CD616338,2011,4/6/2012,Apt 1361
285,Kia,Optima,1G6AS5S35E0486947,2011,22/8/2007,PO Box 35532
286,Pontiac,Grand Am,1GKS1GEJ8CR373985,2000,12/9/2015,Room 1402
287,Mercury,Mountaineer,KMHHT6KD7AU378075,1997,27/8/2010,Room 993
288,Isuzu,Space,2C4RDGBG7FR412171,,,
289,Toyota,Land Cruiser,1GD22XEG2FZ942827,1995,2/9/2019,Apt 1176
290,Chevrolet,Silverado 2500,3GYEK62N14G481030,2007,20/1/2012,15th Floor
291,Pontiac,Gemini,5N1AR2MM3FC502491,1987,20/3/2020,Room 1152
292,Lincoln,Continental,TRUWT28N431616740,1985,21/2/2015,11th Floor
293,Mercedes-Benz,W201,YV4902DZ6B2753029,1993,6/6/2012,Apt 1037
294,Volkswagen,Routan,WAUDGAFL1BA853019,,,
295,Mercedes-Benz,M-Class,WBSBR93496P778212,2010,27/11/2021,14th Floor
296,Volkswagen,Phaeton,SCBBR9ZA7AC792987,2005,20/4/2018,Suite 84
297,Nissan,200SX,SCFFDAAEXCG727223,,,
298,Saab,900,WA1LMAFE7CD292618,1996,13/7/2019,18th Floor
299,BMW,X5 M,WAUDG78E75A911334,2012,4/5/2012,Room 668
300,Kia,Borrego,2HNYD286X8H988093,2009,16/4/2020,Room 1604
301,Chevrolet,Silverado,1HGCP2F37AA836052,2008,28/9/2013,Room 1055
302,Suzuki,SJ 410,JM1NC2LF6D0611617,1986,26/4/2006,Suite 5
303,Mercury,Sable,1D7RB1CPXBS110583,1991,18/1/2009,15th Floor
304,Audi,A3,19UYA42763A297227,2010,10/12/2005,Apt 1760
305,Volvo,S80,WAUBVAFA5AN632056,2001,12/4/2001,Room 1752
306,Pontiac,G5,4JGBB2FB0AA296278,2009,5/10/2018,Suite 20
307,Chevrolet,Express 1500,1N4AA5APXCC980503,,,
308,Pontiac,Grand Prix,4USBT33433L100476,1999,15/7/2010,Suite 43
309,GMC,Sonoma Club Coupe,WBAWB73528P360407,,,
310,Toyota,Highlander,1ZVBP8AM0B5324217,2011,25/6/2013,PO Box 46553
311,Lexus,LX,WAUMV44E57N388174,,,
312,Suzuki,Samurai,5GAKRDED6CJ213830,1992,4/3/2022,Room 1729
313,Infiniti,I,1C4NJPBA6CD902540,1998,23/9/2017,Suite 85
314,GMC,Canyon,WA1DMAFP8EA207019,,,
315,Toyota,Tercel,5TDBK3EHXDS386044,,,
316,Pontiac,Vibe,5UXFB535X6L459017,2009,4/8/2016,Apt 1667
317,Chrysler,PT Cruiser,WAUJT58E74A866543,,,
318,Pontiac,G6,1GYS3FEJ5CR333521,2005,17/1/2019,Suite 48
319,Ford,E-Series,1FMJU1F57AE735024,1985,12/3/2006,PO Box 26979
320,Dodge,Dakota Club,KMHHT6KD4BU048489,,,
321,Ford,Excursion,WBA3V7C52FP954695,,,
322,Cadillac,DeVille,1N6AF0KY0FN836535,2000,21/8/2009,PO Box 85921
323,Lexus,IS-F,JN1CV6EK1CM299784,,,
324,Dodge,Ram Van 2500,1G4GE5G36CF918104,1996,28/9/2005,PO Box 30552
325,Volkswagen,Cabriolet,3D73Y3HL0BG273739,,,
326,Maserati,GranTurismo,2HKRM3H38DH004463,2010,6/12/2016,Apt 753
327,Jaguar,XK Series,1ZVBP8AM7E5499584,2000,28/3/2002,Suite 100
328,Spyker,C8 Spyder Wide Body,WAUVT54B84N560425,2004,25/12/2011,PO Box 68220
329,Nissan,Altima,WAUED54B31N340294,2002,14/1/2006,Room 207
330,Toyota,Camry,1GD21ZCG3BZ755950,1995,27/6/2008,Apt 479
331,Lexus,LS,5FNRL5H29EB444259,1997,13/5/2015,Apt 1649
332,Audi,100,JN1BY0AR6AM112541,1992,25/2/2005,PO Box 82017
333,Mazda,MPV,WP0AB2A81CS753916,1998,7/11/2010,PO Box 40015
334,Dodge,Dakota,1N6AF0LX6FN135861,1995,28/1/2001,Suite 39
335,Plymouth,Breeze,1GYFK33219R733793,1996,3/10/2004,Room 1252
336,Porsche,Panamera,WBANW1C54AC182879,,,
337,Lexus,GS,JM1NC2PF0F0729644,2004,27/7/2014,Suite 38
338,Ford,Courier,19UUA76667A832032,1986,13/11/2012,10th Floor
339,Suzuki,Grand Vitara,WBAEK73435B252213,2008,28/11/2005,Suite 14
340,Lincoln,Continental,WAUKF98EX8A734546,1991,20/10/2021,Suite 74
341,BMW,5 Series,1FTKR1AD8BP670781,2001,7/1/2002,PO Box 26144
342,Mitsubishi,Starion,5TDDK3DC1DS690765,1987,5/6/2020,Suite 66
343,Ford,Thunderbird,1G6DK67V990835448,1972,20/7/2014,Suite 69
344,Ford,Mustang,5FPYK1F23BB678832,1969,30/3/2014,PO Box 91858
345,Jeep,Wrangler,TRUB3AFKXD1638115,,,
346,Porsche,Cayman,WAUKD98PX6A238697,,,
347,Jeep,Grand Cherokee,JH4DC53892C464833,,,
348,Ford,Ranger,19XFB4F27EE223140,2010,9/7/2017,Apt 176
349,Ford,E-Series,WAUAKAFB8AN920554,1985,18/5/2013,PO Box 25874
350,GMC,Savana 1500,2C3CCAXJ0DH946730,,,
351,Chevrolet,Volt,4A4JM2AS3BE115999,,,
352,Toyota,Tacoma Xtra,1FA6P0H78F5686670,1997,27/7/2017,Suite 46
353,Kia,Borrego,WBAUT9C5XCA308700,2009,23/7/2004,Room 1514
354,Toyota,Yaris,1GYEC63N25R777252,2011,7/4/2010,1st Floor
355,Mazda,Tribute,19XFB2F52CE187157,2010,10/4/2006,10th Floor
356,Infiniti,G,2C3CCAHG4CH206681,2006,24/5/2015,Room 478
357,Maybach,57,WBA3A5C54FF224874,2006,21/1/2021,Apt 979
358,Mazda,626,19XFB2F50DE976781,2000,18/5/2012,Suite 8
359,Ford,F150,YV4902DZXD2677947,2010,24/5/2001,Apt 1411
360,Mazda,MX-5,WBAKB0C56AC811826,1994,23/7/2002,Suite 13
361,Pontiac,Grand Prix,3G5DA03E63S409369,1991,8/10/2009,PO Box 92450
362,Toyota,Highlander,WVGAV7AX9AW684003,2007,24/2/2005,PO Box 45590
363,Subaru,SVX,19UUA9E53EA402797,1993,25/6/2003,PO Box 80622
364,Cadillac,Escalade,KMHFG4JG3EA230847,2008,20/7/2000,PO Box 58252
365,Buick,Skylark,1D7RV1GP0AS108020,1988,11/7/2005,Room 212
366,Audi,Q7,SCFFBCBD8BG038142,2010,7/11/2020,Suite 28
367,Infiniti,G35,1G4CU541424931609,2003,17/7/2021,3rd Floor
368,Ferrari,612 Scaglietti,1GTN1TEX8DZ044369,2009,3/10/2011,11th Floor
369,Mercedes-Benz,C-Class,WBANA53575B651755,,,
370,Acura,RL,1LNHL9DRXCG222849,2002,18/10/2006,18th Floor
371,GMC,Sierra 1500,SCBDR33WX7C987078,2009,25/5/2000,Apt 1185
372,Chevrolet,S10 Blazer,1G6DK5EG1A0402175,1993,15/3/2009,PO Box 12879
373,Nissan,Maxima,WBA3C1C54FK889252,2004,2/4/2008,Suite 7
374,Chrysler,300M,SCBLC43F05C944420,2002,4/7/2006,Room 1264
375,Ford,Excursion,1G6KY54913U302677,2005,31/7/2001,1st Floor
376,Pontiac,Bonneville,1GYUCFEJ7AR439538,1996,11/1/2005,17th Floor
377,Ford,F150,KMHHU6KJ2FU902937,1996,22/12/2022,PO Box 29944
378,Mercedes-Benz,M-Class,19UUA9E59DA938944,,,
379,Land Rover,Range Rover Sport,WP1AE2A26FL214141,2011,18/6/2013,PO Box 94635
380,Subaru,Forester,WA1AY94L98D756401,2006,2/3/2006,Suite 43
381,Lexus,GX,1G6DL5E39C0056938,2004,10/5/2001,PO Box 13123
382,Mercury,Villager,WA1WGBFP3EA849704,1993,9/4/2010,PO Box 48843
383,Mitsubishi,Galant,5N1AR2MM1FC456644,1987,15/2/2008,Suite 69
384,Saturn,Ion,JM1CW2BL5D0856205,2005,2/3/2022,1st Floor
385,Subaru,Impreza,1G4GF5E37DF899354,1999,3/8/2015,PO Box 71380
386,Land Rover,LR3,WAUUFAFH3DN758780,2009,17/9/2011,PO Box 76548
387,Nissan,Pathfinder,3VWC17AU0FM631063,2006,12/11/2006,PO Box 73681
388,Acura,RL,2C3CCAJG1DH788640,2004,20/4/2013,PO Box 40291
389,Nissan,Frontier,WBALW3C55CC409079,2002,21/9/2003,17th Floor
390,BMW,7 Series,3C3CFFER8FT531162,,,
391,Ford,Thunderbird,WAUNF68P06A668289,1991,11/8/2020,Room 279
392,Mazda,Tribute,1D4PT4GX0BW455028,2002,22/9/2000,6th Floor
393,Volkswagen,Golf,JTHBC1KS2B5872947,2010,17/12/2015,Room 1447
394,Ford,Explorer,1FTMF1CW1AF673848,2007,28/11/2021,1st Floor
395,Buick,Riviera,3VW467AT7DM505826,1986,6/2/2010,17th Floor
396,Cadillac,XLR,JN1CV6FEXDM875351,2009,20/6/2006,8th Floor
397,Infiniti,G,JTHDU5EF9C5111930,1996,5/2/2014,Suite 72
398,Nissan,Sentra,JN1CV6FE1BM001323,2000,10/9/2020,9th Floor
399,Ford,Ranger,1GYEE23A690640647,2010,24/11/2019,Suite 13
400,Acura,RSX,JN1CV6EK2CM174079,2006,2/12/2017,Apt 1570
401,Lotus,Elise,3D4PG4FB0AT984218,2010,10/3/2008,PO Box 23501
402,Toyota,Matrix,1HGCR2F3XDA293715,2010,5/10/2001,Suite 9
403,Toyota,MR2,WBAPM7G50AN103384,,,
404,Isuzu,Space,WAUMF78P96A062703,1994,4/10/2007,5th Floor
405,Mercedes-Benz,G-Class,19UUA8F2XBA742524,2005,12/12/2001,Apt 874
406,Mitsubishi,Mirage,WDDLJ7DB5EA161496,,,
407,Chevrolet,Corvette,WA1YD64B04N980340,1968,20/2/2014,Room 292
408,Lexus,ES,4T1BF1FK3EU889832,1993,6/8/2006,Apt 1012
409,Saab,9000,JTHBK1GG2E2678061,1999,20/7/2022,4th Floor
410,Pontiac,Solstice,WBAAW33421E691682,2008,15/1/2010,PO Box 91802
411,Toyota,Matrix,1D4SE6GT9BC448027,2004,29/2/2000,Suite 92
412,Pontiac,Safari,2T1BPRHEXEC675473,1987,3/2/2002,18th Floor
413,Ford,Bronco,JTHKD5BH7C2985563,1995,18/1/2019,Apt 965
414,Oldsmobile,Aurora,1GYS4DEF8DR541178,1998,6/10/2013,PO Box 79363
415,Mazda,B-Series Plus,1N4AL3AP7DC865857,1998,30/12/2010,19th Floor
416,Jeep,Wrangler,5GADV33107D272299,2005,9/12/2003,PO Box 59281
417,Mitsubishi,Truck,JN1CV6AP0BM492377,1991,28/3/2006,PO Box 54880
418,GMC,Jimmy,3GYEK62N66G658416,,,
419,Chevrolet,Express 2500,1FTDS3EL5AD501831,1996,15/2/2009,PO Box 33155
420,BMW,M,JHMZF1D49DS353127,2002,7/11/2000,Apt 1719
421,Land Rover,Discovery,WAUJT64B12N883071,2001,10/8/2016,Apt 1151
422,Cadillac,Escalade,2G4WC532X51981702,2000,21/9/2010,1st Floor
423,Dodge,Ram 3500,1HGCP2E39CA428916,,,
424,Pontiac,Sunbird,JTDZN3EU3FJ203439,1992,5/3/2007,PO Box 43496
425,Chevrolet,Blazer,5NPDH4AE9EH336851,1996,6/4/2001,Suite 10
426,Toyota,Tacoma Xtra,WBAYM9C54ED868700,2003,3/11/2007,PO Box 43025
427,Buick,Century,1G4HP52K944088776,,,
428,Ford,Tempo,JN8AZ1MU7AW201300,1988,18/1/2005,PO Box 29050
429,Plymouth,Colt Vista,1FTEW1CM7BF635089,1993,4/4/2003,2nd Floor
430,Buick,Somerset,YV4952CF6D1137381,1986,14/5/2000,3rd Floor
431,GMC,Rally Wagon 3500,WBAAZ33463P235778,,,
432,Lotus,Elan,1GYFK66818R646153,,,
433,Nissan,Sentra,WBADX7C52DP093269,2009,26/12/2017,Suite 14
434,Honda,Odyssey,WAUDF48HX7A749200,2001,12/9/2000,Room 292
435,Hyundai,Genesis Coupe,1YVHZ8BH7A5795198,2011,11/5/2006,Suite 76
436,Chevrolet,Astro,2G4GW5EV4B9181803,1997,2/12/2013,Apt 1753
437,Mitsubishi,Mirage,WDDNG7DB9DA382878,1998,9/8/2018,Suite 13
438,Ford,F150,1FTWF3A59AE293435,2001,12/1/2022,Room 1291
439,Eagle,Summit,JN1AZ4EHXCM701323,1994,13/2/2002,PO Box 35148
440,Rolls-Royce,Ghost,19XFA1E69AE143791,2012,17/10/2005,6th Floor
441,Lincoln,Navigator L,1G6KD57Y22U420833,2010,2/2/2022,Apt 972
442,Honda,Fit,WAUBF78EX7A728555,2010,4/8/2013,Room 239
443,BMW,X5,4T1BF1FK8CU052992,2000,15/4/2016,Apt 487
444,Scion,tC,WBABS53431E945508,,,
445,Lincoln,Continental,1GYS4SKJXFR478214,1993,13/2/2014,PO Box 75908
446,Chevrolet,Cavalier,3D7JB1EK5AG167892,1992,2/10/2000,8th Floor
447,Jensen,Interceptor,1G6KD5EY0AU717651,1966,6/11/2012,Apt 371
448,Chevrolet,Sportvan G20,1FMEU7EE1AU468121,1993,20/3/2000,PO Box 36210
449,Volvo,XC70,JTHFE2C26E2943055,2009,27/12/2021,11th Floor
450,Mercedes-Benz,G-Class,JH4CL95845C609751,2003,14/6/2022,Room 1264
451,Mercedes-Benz,C-Class,WA1EY94L48D075757,1999,18/10/2002,Apt 385
452,Mazda,626,1D7RB1CT2AS559722,1999,28/2/2004,1st Floor
453,Toyota,Corolla,2T1BU4EE4CC266821,1992,27/1/2001,Suite 22
454,Mitsubishi,Lancer Evolution,1D7RB1CT3BS400189,2002,23/7/2021,Room 1396
455,Audi,A8,WDDHF2EB1DA198584,2012,28/10/2016,16th Floor
456,Chevrolet,Suburban 1500,WBSKG9C50CE745878,1995,19/6/2002,Suite 66
457,Chevrolet,Silverado 2500,1G6DV8EP7D0921454,1999,4/3/2010,PO Box 74760
458,GMC,Savana 3500,TRUDD38J681064558,2006,17/8/2004,PO Box 77838
459,Porsche,Cayenne,WDDHF2EB7CA245826,2010,28/1/2013,PO Box 32271
460,Chevrolet,Cavalier,3D73M3CLXBG440241,,,
461,Lexus,LX,JN1CV6EK4DM506220,2009,12/9/2005,PO Box 28795
462,Mercedes-Benz,S-Class,WAUFFAFM8BA197776,1996,31/12/2004,11th Floor
463,Mitsubishi,Expo,19XFB2E59FE004939,1993,23/10/2004,PO Box 88655
464,Hyundai,Tucson,SCBLC47J49C907620,2012,22/1/2006,Room 170
465,Land Rover,Freelander,YV1982BW5A1063596,,,
466,Mercedes-Benz,SL-Class,4T1BF3EK0AU442205,2007,30/4/2005,Apt 19
467,BMW,M3,5TDDCRFH3FS609311,2005,15/2/2004,PO Box 34997
468,Dodge,Ram Wagon B350,JN1AZ4EH7BM957207,1993,11/10/2007,Suite 46
469,BMW,6 Series,5GADV33117D337421,2004,2/1/2012,Room 1197
470,Toyota,MR2,JH4DC53832C076951,1995,25/6/2001,18th Floor
471,MINI,Countryman,2C3CCAGG4EH401779,2011,28/12/2013,12th Floor
472,Pontiac,Montana,5YMKT6C55F0591355,,,
473,Ford,Crown Victoria,WVWAN7AN7EE088192,1993,3/11/2001,Suite 92
474,Maserati,Quattroporte,KMHHT6KD2DU504850,2005,4/9/2015,Apt 453
475,Acura,RDX,1GYUCGEF0AR010582,2010,19/1/2014,Suite 38
476,Scion,tC,WAUAC48H83K337485,2007,11/3/2007,9th Floor
477,Mazda,626,1G6DW6ED2B0097433,1989,14/4/2019,Room 179
478,Mitsubishi,GTO,WAUMFAFL8AA713440,1991,27/11/2018,Room 662
479,Chrysler,Town & Country,1GD021EG9FZ562744,,,
480,Toyota,Land Cruiser,1N6AF0KYXFN312843,2009,30/9/2000,PO Box 12521
481,Bentley,Continental Super,WAUDH98E38A642830,2010,28/6/2003,17th Floor
482,Mercedes-Benz,600SEL,WAUDF98E08A537717,1992,21/4/2001,Apt 1774
483,Lincoln,Continental Mark VII,WAUFEAFM1AA264722,1989,7/3/2003,Apt 1003
484,Mercedes-Benz,E-Class,WVWAW7AH0BV253440,,,
485,Lincoln,Continental,1GTPCTEXXAZ720660,1986,28/4/2003,PO Box 72754
486,Chevrolet,Tahoe,2B3CK8CT6AH770343,2001,21/3/2018,Suite 11
487,Lexus,GX,WBAUL7C51AV151780,2011,15/10/2009,Suite 81
488,Hyundai,Tucson,1GTN1TEH2EZ479804,2012,13/12/2003,4th Floor
489,GMC,Envoy XUV,SALAG2D45AA567690,2005,30/4/2016,Suite 52
490,Mitsubishi,Challenger,1N6AF0LXXFN047427,,,
491,Buick,Electra,5FRYD4H29GB270746,,,
492,Lexus,SC,WDDHF8JB0DA808595,,,
493,Mercury,Milan,JTDBT4K30B1291210,,,
494,Toyota,4Runner,WAUDG98E66A435848,,,
495,BMW,M,5J8TB4H38FL421423,2000,19/6/2002,11th Floor
496,Dodge,Avenger,1G6DX67D090482560,1999,27/7/2011,PO Box 90800
497,Mercury,Topaz,2C3CDYCJ9EH510066,,,
498,Ram,C/V,SCBDC47L78C778938,2012,9/2/2004,Apt 1642
499,Lexus,GX,2C3CA3CV0AH904824,2008,29/5/2006,Suite 54
500,Volkswagen,Jetta,WAULT58EX5A302864,2005,1/2/2001,PO Box 55779
501,Volkswagen,Corrado,19UUA65684A848286,1993,5/7/2005,Apt 706
502,GMC,Vandura 3500,1FADP3E28DL216228,1994,20/8/2013,PO Box 19521
503,GMC,Rally Wagon 2500,5BZAF0AA0FN808466,,,
504,Infiniti,Q,JH4KC1F77EC252116,1992,1/4/2006,Suite 46
505,Pontiac,Sunbird,WAUFGAFB3AN444303,,,
506,Mitsubishi,Pajero,WBAYA6C56ED869435,1999,28/4/2003,Suite 57
507,Ford,Galaxie,3HGGK5G55FM182695,1966,27/7/2004,Apt 1476
508,BMW,3 Series,WBANW13599C932451,2010,24/5/2013,Room 732
509,BMW,X3,JTHBL1EF5E5242679,2007,17/6/2017,PO Box 81396
510,Volkswagen,Fox,1GD11XEGXFF457643,1992,12/4/2018,Apt 226
511,Hyundai,Entourage,WAUBF78E37A341264,2008,5/6/2014,Room 1560
512,Chevrolet,Traverse,WBAVD53597A521069,2011,6/9/2000,Apt 1592
513,Volkswagen,Jetta,1FTEW1CM2DK155052,2012,6/1/2008,14th Floor
514,Pontiac,Grand Prix,2C3CCAPT5CH102344,1975,7/4/2016,Apt 1939
515,Mazda,Tribute,WBAXA5C55ED304003,2008,24/9/2017,PO Box 36366
516,Infiniti,G35,WAUPL68E75A255008,2003,13/6/2007,4th Floor
517,Cadillac,Seville,NM0KS7DN4AT609641,,,
518,Jeep,Grand Cherokee,JH4KC1F53FC452958,,,
519,Nissan,Frontier,WAUWFBFL2BA136775,1998,21/9/2021,Suite 8
520,Chevrolet,Express 3500,1G6DR57V580323013,2009,13/10/2002,PO Box 44944
521,Volkswagen,GTI,1GD11ZCG6DF012070,2005,18/4/2005,Apt 1283
522,Lincoln,MKS,JM1NC2PF4E0772978,2011,24/4/2021,PO Box 72009
523,BMW,M3,1D4PU5GKXBW640419,1995,21/5/2006,PO Box 38232
524,Nissan,Maxima,1G6DU6EV3A0620469,1999,28/7/2022,PO Box 71967
525,Nissan,Quest,3D73Y3HL8BG638121,2001,25/6/2007,Apt 198
526,Volvo,V40,1G6YV36A685346626,2002,12/3/2021,Apt 1471
527,Maserati,Biturbo,1C3BC7EG9BN930634,1984,15/7/2013,Suite 78
528,Mercury,Marquis,KMHEC4A40DA992917,,,
529,Chevrolet,Aveo,1G6DB8E56E0851891,2010,30/9/2007,Room 595
530,Dodge,Viper,KNALN4D71F5659713,2002,13/3/2010,Suite 22
531,Ford,Expedition EL,1G6KD57988U062994,2011,23/5/2022,Apt 261
532,Kia,Rio,2C3CDZFJ6FH274222,,,
533,Pontiac,Bonneville,1C4RDHDG7EC556801,1997,23/3/2019,PO Box 98126
534,Buick,Century,2T1BURHE1FC089416,1988,18/2/2016,Room 1515
535,BMW,M5,WVGEF9BP2FD465265,2003,14/4/2015,8th Floor
536,Porsche,944,JTHDU1EF6A5079850,1987,23/12/2011,Suite 4
537,Ford,F-Series,KNAGM4AD2F5082379,1987,27/4/2020,Suite 81
538,BMW,3 Series,1G6DL5E38D0347903,,,
539,Buick,Skyhawk,1G4PR5SKXF4955241,1988,8/9/2022,Room 848
540,Cadillac,Seville,3VW4A7AT8DM778417,2003,25/11/2004,Room 174
541,Mitsubishi,Pajero,WA1VMAFE4CD219859,1995,28/12/2021,Suite 67
542,Chevrolet,Cavalier,5TFBW5F15CX241018,2004,6/1/2015,15th Floor
543,Saab,9-5,1GYFC668X8R158610,,,
544,Lincoln,MKS,1HGCR6F53FA838410,2012,5/1/2019,PO Box 88023
545,Infiniti,QX,WBALL5C53FP893920,2011,18/1/2008,Suite 80
546,Oldsmobile,Silhouette,WBANB33544B179420,1997,7/7/2007,Suite 51
547,Pontiac,Firebird,19XFA1E34AE963590,1984,30/1/2012,Room 970
548,Toyota,Yaris,WP0AB2A93FS492396,2011,12/2/2019,PO Box 54254
549,Honda,Civic,2HNYD2H64CH537279,,,
550,Maserati,GranTurismo,WAUUL78E05A734640,2012,17/10/2005,Suite 83
551,Dodge,Ram 3500,WAUBFAFL1EN589145,,,
552,Buick,Century,1D7CE3BK3AS992225,1992,29/5/2012,PO Box 6460
553,Pontiac,Grand Prix,2C3CCAAG5FH521181,1989,24/6/2006,Apt 150
554,Toyota,Paseo,1FTWX3B57AE688855,1995,3/12/2021,Room 665
555,Lincoln,Navigator,JN1CV6EK9CM891580,2003,20/9/2008,Suite 83
556,Chevrolet,Corvette,1N6AA0CCXBN540286,1995,24/7/2014,Room 1991
557,Jaguar,S-Type,KNAGG4A85A5647498,2001,5/12/2011,Suite 84
558,Honda,Element,WAUNF98P98A817402,2009,6/3/2015,Room 752
559,Chevrolet,Express 2500,WBAAV53411F169165,,,
560,Dodge,Viper,WAUDL94F96N433935,1992,20/12/2007,Room 1999
561,GMC,Savana 1500,WP1AE2A25BL067434,,,
562,Lincoln,MKX,19UUA9F21CA716336,,,
563,Jeep,Wrangler,SCBBR93W29C414141,2003,31/7/2005,Room 607
564,Aston Martin,V8 Vantage,3GYFNJE32DS029402,2009,7/9/2018,PO Box 16799
565,Mercedes-Benz,E-Class,4T3BA3BB7DU077665,,,
566,Mercury,Montego,WBASP4C5XBC412024,2007,6/2/2008,Apt 1651
567,BMW,Alpina B7,1G6KP5E96AU133528,2008,26/5/2006,Suite 44
568,Pontiac,1000,5N1AT2ML2FC185442,1984,23/4/2019,Suite 88
569,Dodge,Ram Wagon B250,WAUNF98P76A909332,,,
570,Mazda,MX-6,JTDKN3DU7B0969967,,,
571,Chrysler,Concorde,JH4DC445X1S412856,1995,12/7/2006,PO Box 63246
572,Mitsubishi,Montero Sport,1GYFK53279R908365,2001,25/3/2019,18th Floor
573,Subaru,Impreza,2G4WE537751811772,2006,18/8/2011,Suite 30
574,Mercedes-Benz,E-Class,WAU4FAFR4AA142145,1985,22/9/2021,Suite 61
575,Chevrolet,Cavalier,WBAVA37587N033540,,,
576,Ford,Tempo,WAULC58E84A452910,1990,9/5/2013,11th Floor
577,Suzuki,SJ,SAJWA6A79F8957907,1994,1/11/2000,Suite 65
578,Honda,CR-Z,1G6KD54Y72U800691,2011,7/10/2011,PO Box 8741
579,Audi,A6,1FTMF1EW4AF660024,1997,15/6/2005,11th Floor
580,Chevrolet,Camaro,2LMDJ6JK1FB615908,1978,1/2/2009,5th Floor
581,Pontiac,Grand Prix,1N6AF0KY1EN363307,1988,21/10/2008,Suite 68
582,Saab,900,WAUAFAFL5CN426006,1986,26/5/2021,Apt 237
583,Mazda,Millenia,2G4WE587761640337,1996,20/7/2000,Apt 1155
584,Ford,Ranger,1N6BF0KM9FN569056,2007,17/3/2000,Suite 97
585,Chevrolet,Monte Carlo,5UXXW5C56F0553504,2004,9/6/2018,Apt 565
586,Toyota,Tacoma,1FTEX1EW8AF664031,2006,27/6/2013,PO Box 48169
587,Mazda,929,2T2BK1BA2FC102182,1987,17/7/2001,18th Floor
588,Pontiac,G6,2G4GT5GR5C9163045,2008,15/4/2001,PO Box 44571
589,BMW,X6,1D4PU7GX6AW011567,2010,17/10/2001,9th Floor
590,Mazda,626,1G6YV36A465336531,2000,20/4/2015,Suite 22
591,Ford,Escort,WAUVT68E42A216508,2000,15/9/2007,Suite 24
592,Volkswagen,Tiguan,5N1AN0NU3BC632716,2009,28/3/2001,Room 195
593,Chrysler,Town & Country,4JGCB2FE9CA467479,2007,21/3/2011,Apt 309
594,Buick,Somerset,WAUXG94F49N819961,1986,12/7/2013,Room 1972
595,Bentley,Azure,1GYS3PKJ4FR185974,2010,21/11/2005,PO Box 31424
596,Hummer,H1,3C63D2EL7CG868682,2003,5/11/2022,Apt 1029
597,Pontiac,LeMans,WA1VMAFE6BD844228,1988,9/4/2002,Room 92
598,Dodge,Ram Van 2500,YV1940AS7B1932134,1996,23/9/2008,Suite 95
599,Ford,ZX2,WAUBF78E48A996759,2002,16/12/2010,Room 1408
600,Volkswagen,Scirocco,1FAHP2DW2AG421158,1985,14/2/2000,Suite 37
601,Ford,Contour,1C3CDZCB4CN556343,1997,3/9/2020,12th Floor
602,BMW,3 Series,1G4GD5GR2CF893046,1993,17/7/2022,15th Floor
603,Ford,Thunderbird,5LMJJ2H56DE822204,1955,14/7/2005,Suite 96
604,Ford,F-Series,1GYFK56239R487692,1992,11/9/2014,PO Box 54881
605,Mercedes-Benz,C-Class,5N1AA0ND9EN265843,2007,21/3/2008,Room 678
606,Mitsubishi,Challenger,WBADW7C53DE458248,2002,8/5/2013,Apt 787
607,Kia,Sportage,1G4HR57Y57U465843,1998,21/2/2022,7th Floor
608,Chevrolet,Equinox,WBALM7C53EJ130595,,,
609,Ford,Econoline E150,TRURD38JX81318181,,,
610,Lincoln,Town Car,1G6DH8E35E0581629,1984,16/5/2018,Suite 44
611,GMC,Vandura G3500,3GYFNDE36CS461698,1996,31/10/2008,Suite 98
612,Honda,Civic Si,WA1CGAFEXBD268593,2005,19/9/2019,18th Floor
613,Hyundai,Elantra,5GADX33L85D044995,,,
614,Chevrolet,Express,1C3BC8EG7BN400829,2010,25/4/2000,PO Box 78599
615,Mercedes-Benz,CLK-Class,SALAB2D41CA869673,1999,21/5/2018,Room 2000
616,Mazda,B-Series,WBANA53525C006084,,,
617,Lexus,GX,JTJBM7FX7A5929713,,,
618,Daewoo,Leganza,WAUMF98K39N792183,1999,30/11/2020,Suite 31
619,Nissan,Pathfinder,5TDDK4CC9AS515392,2006,27/6/2003,Apt 1140
620,Dodge,Dakota Club,5GAKRDED3CJ206558,1992,11/2/2005,Room 1237
621,Ford,Freestar,WAUBF98E78A849878,2006,16/6/2020,Room 103
622,Jeep,Liberty,WAUNF78P88A873559,2003,29/10/2002,Room 1785
623,Suzuki,Daewoo Magnus,3D73Y4CL7BG260841,2006,4/7/2011,PO Box 61824
624,Lexus,RX,WVGEF9BP0DD491280,2005,26/10/2014,Suite 46
625,BMW,X5 M,JN8AZ2KR1CT256706,,,
626,Toyota,Xtra,WAUTFAFH3CN971917,1992,21/4/2002,PO Box 31146
627,Ford,Thunderbird,WBAEV53445K772853,,,
628,Chevrolet,Silverado,WA1YL54B14N754773,1999,19/12/2013,Room 1425
629,Jaguar,XJ,1C4SDHCT3DC923305,,,
630,Panoz,Esperante,WBABS33433P414918,2005,10/5/2006,13th Floor
631,Honda,S2000,KMHEC4A42BA434435,2003,21/4/2000,Apt 1035
632,Infiniti,QX,1GT022CG8EF678854,,,
633,Buick,Lucerne,SALFR2BG2EH039213,2011,31/7/2021,Suite 29
634,Volkswagen,Passat,1G6DF577090286349,1995,24/4/2011,Room 1842
635,Land Rover,Range Rover,1C4NJCBAXED831189,1986,20/11/2004,Room 233
636,Cadillac,Escalade,JH4CL95915C911152,2000,18/10/2012,PO Box 16326
637,Honda,Prelude,SCFAB22373K850963,1993,2/2/2001,Apt 932
638,Oldsmobile,Silhouette,JM1DE1HYXB0659130,1998,4/1/2013,19th Floor
639,Lamborghini,Diablo,JN1CV6EKXFM281031,1990,25/12/2004,Suite 90
640,Saab,900,2GKALMEK4F6869864,,,
641,Tesla,Roadster,WBABS33451J764566,2011,22/11/2013,PO Box 16757
642,Chevrolet,Silverado 2500,4T1BF3EK0AU372592,2000,18/10/2006,Room 357
643,Chevrolet,HHR Panel,WAUDL94F86N155545,2006,28/11/2003,PO Box 76928
644,Subaru,Leone,5GADV33L85D339164,1985,1/3/2015,PO Box 78564
645,Nissan,350Z Roadster,1C4RDJDG5EC216974,2006,3/12/2016,PO Box 27248
646,Dodge,Ram 2500,WBABS33443J403798,,,
647,Chrysler,Town & Country,WAUKFAFL1EA627867,1995,8/8/2014,PO Box 64494
648,Audi,S4,1C3CDFAA4DD772807,2007,14/10/2000,11th Floor
649,Toyota,RAV4,3C63DPKL3CG893967,2003,19/4/2000,Suite 7
650,Mercedes-Benz,SL-Class,2T2BK1BA9BC554690,1989,2/9/2002,Apt 1958
651,Nissan,Maxima,WAUKH98E47A875315,1992,26/10/2007,Apt 1013
652,Chevrolet,Suburban 1500,1G6AZ5SX9F0862274,,,
653,Chevrolet,Astro,1G4GE5EDXBF916446,1993,17/5/2015,Apt 729
654,Audi,riolet,WUALNAFG9EN068593,1995,5/12/2019,7th Floor
655,Mitsubishi,Montero,WAUWFAFH0CN022788,2001,24/1/2010,Suite 66
656,Dodge,Ram 1500,3C4PDDBG8FT195135,,,
657,Chevrolet,Corvette,5UXWX7C53BL377704,,,
658,Mazda,Protege,19XFB2F58CE087323,1998,8/1/2010,8th Floor
659,Maybach,62,WBAUN93569V548063,,,
660,Mercedes-Benz,SL-Class,WAUGU54D21N815606,1997,6/11/2000,Room 8
661,Ford,Mustang,3VW1K7AJ2EM105297,1966,7/12/2002,Apt 1059
662,Mitsubishi,Lancer Evolution,3GYT4LEF4BG398631,2010,19/5/2018,Room 750
663,Plymouth,Sundance,1N6AD0CUXEN752433,1992,23/9/2011,Apt 86
664,MG,MGB,WAUEV94F47N804726,1977,16/9/2001,2nd Floor
665,Lexus,RX,1GKS1FFJXBR957540,2001,4/11/2017,Apt 1757
666,Infiniti,M,1FMCU4K38BK415602,,,
667,Ford,Explorer,JHMGE8G36CC642013,2002,30/6/2014,PO Box 48525
668,Ford,Escort,2C4RRGAGXER472947,1993,5/8/2011,Room 592
669,Dodge,Ram Van 3500,WVGEF9BPXFD323584,,,
670,Ford,Econoline E150,WA1CFBFP6DA811761,1997,24/10/2004,Room 206
671,Chrysler,Town & Country,1G6DV1EPXD0713902,1995,3/2/2004,Room 1308
672,Suzuki,XL-7,1FTWX3A52AE572030,2003,12/12/2002,Suite 16
673,Chrysler,Imperial,1B3CB1HA1AD533562,1926,17/7/2003,Apt 1765
674,Lexus,SC,SALFR2BG6EH743141,2005,15/10/2022,Suite 28
675,GMC,1500 Club Coupe,1B3CC5FB9AN104471,,,
676,Mazda,MPV,1GYFK43569R988276,2002,1/1/2013,3rd Floor
677,Volkswagen,Cabriolet,2D4RN1AG2BR753440,,,
678,Ford,E150,19UUA56723A628576,,,
679,Ford,Mustang,KMHTC6AD1DU317479,1971,17/12/2013,Suite 28
680,Ford,Mustang,YV4952BL5E1198214,1996,6/8/2006,4th Floor
681,Infiniti,J,3C4PDDBG2DT650073,1993,8/12/2002,3rd Floor
682,Mercedes-Benz,CLS-Class,SCFFDCCD8AG475503,2007,17/6/2006,Room 793
683,Lotus,Elise,WAUKH98EX6A795354,2004,1/8/2018,Suite 23
684,Mitsubishi,Challenger,1G6DM5ED7B0555998,1998,10/10/2014,Suite 4
685,Toyota,Land Cruiser,4JGBB9FB8BA879398,1998,28/12/2007,Suite 59
686,Chevrolet,Cobalt,1GD01ZCG0DF498600,,,
687,Ford,Probe,5J8TB1H54CA741006,1992,11/11/2018,Room 733
688,Pontiac,Sunfire,2G61L5S3XF9207402,,,
689,Ford,F250,3C4PDDEG5CT729554,2005,14/8/2011,Suite 51
690,Honda,Element,5J6YH1H35BL689657,2007,19/4/2012,Room 1596
691,Chevrolet,Camaro,WAUJGAFC2DN799213,,,
692,Scion,iQ,1C3CCBABXCN034894,,,
693,Buick,LeSabre,WBABN33443J670768,1997,5/3/2010,Room 1809
694,Pontiac,Grand Prix,WAUFFAFL7BN709219,1997,26/4/2011,PO Box 20119
695,Subaru,Justy,JM1GJ1T63F1651725,1991,7/11/2008,PO Box 3692
696,Audi,A4,1GD22ZCG5CZ055121,2002,11/11/2004,Apt 1505
697,Mercury,Cougar,1G6DL5E39D0622548,1986,3/7/2012,Suite 72
698,Chevrolet,Caprice,1N6AD0CU0DN874877,1992,27/3/2020,Room 260
699,Lincoln,Town Car,5N1AN0NU9CN112445,,,
700,Chevrolet,Equinox,2T3BFREV2DW886095,2005,18/2/2021,PO Box 9151
701,GMC,Envoy XL,SCFFDCCD1BG042221,2004,2/1/2010,7th Floor
702,GMC,Yukon XL 2500,JM1BL1H36A1435640,2010,12/9/2016,Apt 1015
703,Mitsubishi,Mighty Max Macro,YV440MBD6F1074015,1992,21/6/2000,14th Floor
704,Cadillac,SRX,JH4DC54832C730023,,,
705,Suzuki,Aerio,2C3CA6CT7BH001653,2002,27/5/2004,PO Box 85196
706,GMC,Jimmy,1G6DV5EP4A0797458,1992,5/6/2011,2nd Floor
707,Pontiac,Vibe,1D4PT2GK3AW866298,2004,28/1/2010,18th Floor
708,Chevrolet,Express 1500,JA4AD2A36EZ351053,,,
709,GMC,Rally Wagon 1500,5TFAW5F1XEX978116,1993,9/4/2014,12th Floor
710,Lexus,GS,WAUWGAFB1BN320046,1999,10/6/2017,9th Floor
711,Nissan,Quest,1G6DP577970588698,2009,26/5/2017,PO Box 55557
712,Acura,RDX,3D7TP2HT8AG908525,2012,23/3/2002,Suite 29
713,Volvo,S80,1J4PN2GK1BW881787,,,
714,Volkswagen,New Beetle,JTDKDTB32D1695278,2001,25/12/2014,14th Floor
715,Mitsubishi,Lancer,1G6DF5EY2B0537437,2010,17/3/2009,Apt 1691
716,Pontiac,Bonneville,YV140MEA4F1063853,,,
717,Mazda,Mazda6,KNDKG3A27A7488085,2003,20/12/2015,Suite 43
718,Honda,Pilot,WAUNF78PX7A453266,2009,4/1/2012,Suite 1
719,Lexus,GS,1G4GC5GR7CF237489,2006,27/4/2001,10th Floor
720,MINI,Clubman,WBA6A0C59DD216293,2010,23/10/2014,Suite 5
721,Chevrolet,Corvette,1GD11ZCG7DF279721,1986,1/4/2009,Suite 56
722,Porsche,911,1G4GA5GRXCF281301,,,
723,Chevrolet,Blazer,2G4WS55JX51509698,,,
724,BMW,M5,WAULC58E03A411525,2002,28/7/2008,PO Box 7710
725,Dodge,Durango,1D7RV1GP4BS111620,2008,8/5/2022,PO Box 57931
726,Buick,Regal,WBABS33472J197827,2002,14/10/2011,PO Box 67324
727,Chevrolet,Corvette,YV126MFBXF1087264,1986,25/3/2001,PO Box 59918
728,Toyota,Tundra,1B3BD1FB6BN553576,2003,11/12/2021,Suite 96
729,Lexus,GS,YV1672MK8B2464524,,,
730,Hyundai,Elantra,KNADM4A36D6057311,2000,28/10/2015,Suite 54
731,Mazda,Millenia,WAUJGBFC8DN590760,1996,6/3/2014,PO Box 77334
732,Toyota,Camry,WUARL48H06K012326,2003,6/3/2004,Apt 806
733,Jaguar,XK Series,WDDHF7GBXFB678551,2001,24/6/2019,5th Floor
734,Mitsubishi,Mighty Max,2T1KE4EE6DC047535,1992,21/1/2016,PO Box 40771
735,Mazda,Mazdaspeed 3,WBAPH77559N973602,2012,7/4/2006,PO Box 95996
736,Mercedes-Benz,E-Class,3N1AB6AP5CL403396,2002,3/1/2008,3rd Floor
737,Mitsubishi,Galant,KNDJT2A56D7875808,2012,18/12/2009,PO Box 34373
738,Chrysler,PT Cruiser,WBAWR3C53AP336496,2005,7/9/2005,Room 647
739,GMC,Yukon XL 1500,1FTEW1CF0FK212658,,,
740,Cadillac,DeVille,KNAGG4A85A5970997,1999,11/11/2022,Room 1503
741,Volkswagen,Passat,2C3CCARG8FH463135,1997,28/11/2006,11th Floor
742,Dodge,Colt,1N6AA0CA4EN798130,1989,22/6/2008,Apt 1206
743,Land Rover,Range Rover,1G4HP57M69U185581,,,
744,GMC,Yukon,5NPEB4AC8BH765737,1999,14/7/2003,Apt 1413
745,Jaguar,XK Series,3MZBM1U76EM838190,,,
746,Chevrolet,Corvette,3VW117AU7FM402838,1963,22/10/2004,PO Box 35544
747,Chevrolet,Silverado 3500,WBAKE5C51CE608371,2008,12/12/2006,Suite 50
748,Cadillac,Escalade,5N1AA0NC0FN326750,2005,4/1/2019,Suite 68
749,Chevrolet,Sportvan G30,1GYS4FEJ9CR627257,1994,9/11/2001,PO Box 78116
750,Mercedes-Benz,S-Class,WAUVFAFH0AN471817,2001,17/8/2017,PO Box 47382
751,Acura,NSX,WBALX3C51CD673374,2004,19/5/2018,Room 169
752,MINI,Cooper Clubman,5UXFH0C52BL914857,2009,12/3/2006,Room 148
753,Chevrolet,2500,WAUWFBFL4CA325803,,,
754,Pontiac,Firebird,KMHHU6KJ8FU408601,,,
755,Lincoln,Continental,KMHGN4JE4FU484284,1985,6/4/2016,Suite 35
756,Cadillac,XLR-V,2HNYD182X2H221522,2009,24/7/2018,Apt 593
757,Mazda,Protege,3VWKX7AJ9CM942180,1997,1/8/2009,Apt 217
758,Kia,Spectra,WAUEG78E26A613909,2009,14/3/2020,Suite 100
759,Saturn,VUE,WAUJ2AFD6FN713489,2008,8/7/2017,Suite 67
760,Volkswagen,Jetta,3VWKX7AJ5AM800051,1990,16/4/2020,Suite 59
761,Chevrolet,Monte Carlo,2HNYB1H66DH910761,,,
762,Toyota,Land Cruiser,WBABS33492J298383,1997,29/5/2015,Suite 23
763,Volkswagen,GTI,3C6JD6EP6CG271878,2011,15/7/2017,Suite 4
764,MINI,Clubman,1GD021EG1FZ340828,2010,8/11/2019,Room 734
765,Isuzu,Amigo,1FTEW1CM0BF441956,1998,12/10/2015,Room 592
766,Suzuki,Grand Vitara,1N6AA0CJ7DN673685,2007,30/9/2019,Apt 353
767,Mazda,Miata MX-5,1GKS1HE08CR595004,1997,8/11/2009,PO Box 52227
768,Honda,CR-X,WP0AA2A95CS041467,1985,4/6/2005,Apt 776
769,Kia,Rio,1N4AB7AP3DN884128,2008,24/1/2000,Room 1308
770,Kia,Spectra,WA1LGBFE4CD093829,,,
771,GMC,Savana 3500,WAUJT68E33A388335,,,
772,Audi,Cabriolet,2HNYB1H42CH804692,1995,3/5/2019,Room 1263
773,GMC,Sierra 3500,3GTU2YEJ9CG263213,,,
774,Land Rover,Range Rover,WAUFL44D03N261722,1994,25/5/2009,Room 913
775,Infiniti,QX,1GD312CG9CF261638,2005,6/2/2022,Room 1839
776,Land Rover,Range Rover,WAULC58E45A833803,2007,20/11/2006,Apt 1633
777,Mitsubishi,3000GT,4T1BK3DB0AU362318,1993,22/7/2011,Suite 93
778,Audi,S6,JN8AZ2KR2AT641544,2007,29/10/2004,Suite 91
779,Pontiac,Bonneville,WVWGU7AN3AE028353,,,
780,Chevrolet,Suburban 2500,JH4CU25679C182378,2006,24/3/2010,Suite 21
781,Ford,F350,SAJWA0FS4FP588227,,,
782,Honda,Odyssey,3GYFNDEY1AS723068,2001,17/12/2003,11th Floor
783,Mazda,RX-8,WBAWV13568P949948,,,
784,Nissan,Frontier,1FMCU9E75AK909636,2004,26/1/2019,13th Floor
785,GMC,Envoy,1G4HP54K734305348,2006,21/9/2018,Apt 1542
786,Maserati,Quattroporte,4T3BK3BB4FU539499,2009,20/6/2017,9th Floor
787,Mitsubishi,Galant,1GKS2FFJ8BR581773,2007,11/5/2020,Suite 96
788,Lamborghini,Countach,55SWF4JB8FU188601,,,
789,Mitsubishi,Diamante,WAUAH78E06A519426,1993,20/6/2019,9th Floor
790,Subaru,Leone,WBAPK5C5XBA896900,1986,15/8/2002,Apt 1936
791,Ford,F-Series Super Duty,JN8AZ2NE6F9844692,,,
792,Subaru,Outback,4USCK73432L983153,2012,20/11/2011,Room 149
793,BMW,X3,JN8AF5MV5FT882770,2005,27/4/2006,20th Floor
794,Volkswagen,Golf,1FTMF1E83AF945637,,,
795,Kia,Borrego,1G6AB5SX7D0082775,2009,19/1/2000,Room 1798
796,Ford,Fusion,WBAUL7C54DV266846,2006,25/7/2020,PO Box 88340
797,Suzuki,Grand Vitara,1FTEW1C80AF554338,2012,25/1/2022,Suite 16
798,Ford,Thunderbird,5UXZV4C55CL583383,,,
799,Acura,CL,WBANA73554B367616,,,
800,Oldsmobile,Cutlass Supreme,JTHFE2C20B2908121,,,
801,Volvo,S40,1G6DV8EP2C0272239,,,
802,Acura,RDX,1FTMF1E85AF828755,2010,28/10/2021,Room 1736
803,Ford,Excursion,WAUKH94F08N829845,2004,20/9/2005,Suite 95
804,Ford,Bronco,1G4HP52K144386920,,,
805,Mercury,Tracer,1B3AZ6EZ4AV829664,,,
806,Hyundai,Santa Fe,1GT022CG9EF395041,2002,26/6/2016,Suite 12
807,Mitsubishi,Pajero,JHMZE2H54AS522512,2000,13/12/2007,Room 221
808,Buick,Skylark,WAUEL74F66N142026,1986,4/7/2022,Room 51
809,Volvo,C70,WBASP4C56BC784508,,,
810,Mercedes-Benz,M-Class,WAUSFAFL8BA754658,,,
811,Bentley,Arnage,3CZRE3H30BG796511,2006,29/3/2011,Apt 997
812,GMC,3500,WAUAF68E85A375977,1995,4/11/2015,Suite 78
813,Lotus,Esprit,WAUFFAFL4DA326493,,,
814,Nissan,Sentra,2C3CDXFG7DH320811,,,
815,Audi,TT,JTDKDTB3XE1983857,2008,28/3/2000,Apt 1372
816,Dodge,Ram Van 1500,SCBZB25E72C636534,,,
817,Suzuki,Swift,WAUWFAFR4DA459663,2004,9/10/2008,Room 936
818,Subaru,Impreza,WUAAU34218N119229,2003,20/10/2006,Apt 986
819,Mercedes-Benz,SL-Class,3VW4T7AT1EM379599,2012,28/12/2021,10th Floor
820,Volkswagen,rio,JM1GJ1T62E1093803,,,
821,Ford,Fusion,1N6AA0CC4DN500188,2008,1/11/2007,1st Floor
822,Toyota,Prius,KMHEC4A4XDA091358,2007,23/3/2020,PO Box 38374
823,Dodge,Viper RT/10,WAUMFAFL0DA866950,,,
824,GMC,Sierra 2500,1GYUKJEF8AR946868,2011,9/9/2003,Apt 314
825,BMW,7 Series,5UXFB33522L465831,2012,27/9/2013,PO Box 52016
826,Dodge,Stratus,WBAUC73558V974822,1997,5/10/2000,Suite 15
827,Chevrolet,Equinox,SAJWA0E75D8666163,,,
828,Volkswagen,Golf,KNAFU5A27B5988134,1988,11/10/2014,Suite 76
829,Chevrolet,Tahoe,JN1CV6EK8BM685522,2000,24/4/2012,7th Floor
830,Austin,Mini,WBA3A9G54FN868706,1963,25/9/2004,PO Box 29837
831,Chevrolet,Express 2500,2G4GN5EX6E9694088,,,
832,Infiniti,M,4JGDA2EB0CA929152,2008,1/12/2011,Room 1904
833,Infiniti,G35,JN1AZ4EH1FM524584,2006,7/9/2007,2nd Floor
834,Volvo,XC90,WAUCVAFR8CA378847,2004,8/5/2012,Suite 15
835,Chevrolet,2500,WBAYP1C53DD644101,1996,19/10/2021,PO Box 24556
836,Ford,Explorer,1C6RD7GP0CS495288,,,
837,Honda,Element,WBAVA33597F835899,,,
838,Toyota,MR2,KNADM5A33D6818432,2000,13/5/2003,18th Floor
839,Buick,Skylark,1G6DE5EG0A0682016,1997,5/7/2015,12th Floor
840,Porsche,911,WAUAF98E55A822038,1992,1/9/2022,Room 1510
841,Chevrolet,Corvette,YV1902AH3B1712968,2011,16/10/2009,Suite 63
842,Chevrolet,Astro,KL4CJESB3EB668726,1999,6/1/2004,Suite 86
843,Lexus,IS,WAUDGBFL7BA909020,2006,8/7/2015,16th Floor
844,Acura,TSX,JN8AF5MR9BT483356,2004,15/12/2001,Apt 1021
845,Toyota,Sienna,ZHWGU5BZ9CL302795,2012,30/11/2019,Room 1176
846,Acura,TL,SALFR2BG5EH608782,1997,3/3/2016,Room 1122
847,Buick,Regal,SAJWA4GB7FL543778,,,
848,Lincoln,Navigator L,WAUSF78E17A590291,2010,15/11/2022,1st Floor
849,Isuzu,Trooper,WBA6A0C51FD991867,1998,21/5/2006,Suite 84
850,Oldsmobile,Bravada,19XFA1E88AE196757,2004,3/10/2002,PO Box 8700
851,Mercedes-Benz,SL-Class,19XFB4F2XEE379611,1999,29/1/2012,4th Floor
852,Mazda,Protege,3MZBM1U77EM845455,1996,7/12/2001,Apt 1766
853,Ford,Expedition,JTDBT4K36B1417621,2011,23/10/2004,PO Box 3324
854,MINI,Cooper,WA1EV74L58D610771,2002,1/5/2016,Suite 68
855,Dodge,Avenger,SAJWA4FB3EL757201,1999,3/8/2005,PO Box 81997
856,Nissan,Quest,JN8CS1MU7DM949946,,,
857,Honda,Accord,KMHHT6KD7DU981614,,,
858,Chevrolet,Suburban 2500,JTHBL1EFXA5722811,1994,26/12/2011,Room 44
859,Mazda,Miata MX-5,WBADS33473G149459,1995,25/4/2017,Apt 1907
860,GMC,Savana,WBXPC934X8W630810,2007,25/2/2010,Room 351
861,Toyota,Avalon,1C4RDJEG8CC347652,1997,11/2/2004,Suite 29
862,Ford,Courier,WA1MMAFE4AD832329,1987,15/1/2006,Room 67
863,Dodge,Ram,5TDDK4CC0AS090600,,,
864,Mercedes-Benz,CLS-Class,3D4PG9FV4AT263780,2008,2/11/2003,17th Floor
865,GMC,Terrain,WAURD68D91A752729,2010,3/12/2005,2nd Floor
866,Saab,9-3,19XFB4F3XEE567151,2002,14/6/2000,PO Box 67503
867,Volvo,V70,3C6LD5BT7CG997088,2010,9/10/2009,PO Box 99448
868,Cadillac,DeVille,5N1AN0NU6EN928774,1994,5/4/2014,Room 1199
869,Hyundai,Genesis Coupe,5UMBT93566L414205,2010,24/5/2005,17th Floor
870,Dodge,Caravan,1FMNE1BW7AD898176,2012,2/7/2003,Room 1336
871,Acura,NSX,WBAFR9C57CC891173,,,
872,Ford,E-Series,1D7RV1GP6BS144392,2007,12/6/2003,Apt 1632
873,Dodge,Ram 2500 Club,JHMFA3F20BS351305,,,
874,Dodge,Shadow,5FNYF3H28CB262282,1993,4/11/2017,PO Box 37986
875,Ford,Taurus,WBAVL1C56FV338585,1994,10/4/2014,PO Box 6137
876,Rolls-Royce,Ghost,WBAGH03461D473320,2012,30/7/2020,Room 224
877,Mitsubishi,Chariot,3N1CE2CP3EL560773,1991,26/10/2016,Apt 797
878,Lexus,SC,WAUVFAFR8BA545731,1996,7/1/2020,18th Floor
879,Toyota,Corolla,1FTEX1E89AF720480,1996,17/3/2014,Apt 485
880,Dodge,Stratus,3D73Y3HL0AG217914,2003,30/5/2006,Room 346
881,Mazda,B-Series,WAUAC48H24K225136,,,
882,Dodge,Charger,3D4PH3FG8BT384941,2011,9/12/2007,PO Box 75523
883,Jeep,Wrangler,4T3BK3BB9FU642515,,,
884,Chevrolet,Corvette,WAUEFAFLXCA559112,1997,8/8/2009,PO Box 25671
885,Volkswagen,Cabriolet,1G6DV1EP9F0890573,,,
886,Maybach,57,WAUVT54B44N836616,2007,18/11/2000,Apt 279
887,Mercedes-Benz,CL-Class,JM1NC2EF4A0734227,2010,27/7/2015,11th Floor
888,Mercedes-Benz,300TE,SCFFDABE6CG273485,,,
889,Ford,F150,WBAEV33462P840136,1995,2/6/2013,Room 500
890,Mazda,Miata MX-5,1G6DN57P490660206,,,
891,Kia,Optima,WBAKG1C52DJ777696,2009,15/11/2002,PO Box 79844
892,Audi,A8,1GYFC26209R351726,,,
893,Mercury,Cougar,2C3CCABG7DH750876,1995,2/1/2016,Suite 53
894,Subaru,Legacy,5N1AN0NU2BC264352,,,
895,Toyota,Tundra,WAUFMAFCXFN117681,2004,21/5/2018,Apt 1157
896,BMW,M3,WAUPEBFM7DA475759,2006,12/3/2022,Apt 1668
897,Volvo,XC60,1N6AF0KX2EN302393,2010,20/2/2005,12th Floor
898,Honda,Fit,WBA3X9C53FD345770,2008,7/8/2022,14th Floor
899,Dodge,Ram Van B150,5GAEV23748J072631,1992,9/11/2012,Suite 75
900,GMC,Sierra 1500,2B3CJ4DVXAH925391,2011,7/1/2019,Room 318
901,Dodge,Durango,WAUKFAFL5EA132619,,,
902,Pontiac,GTO,WBA3C1C53CA067978,,,
903,Toyota,Tacoma,2HNYD28648H172321,,,
904,Saab,9-3,WA1LGAFE5CD914866,2006,28/3/2020,PO Box 47732
905,Mercedes-Benz,M-Class,5N1AT2ML1EC849633,2010,30/5/2006,Room 1870
906,Honda,FCX Clarity,19UUA65686A303367,2012,3/2/2018,Room 649
907,Tesla,Roadster,5NPDH4AE5EH472331,2012,17/8/2008,4th Floor
908,Pontiac,Sunbird,1FTSW3B52AE842907,1986,26/12/2019,Apt 1675
909,Jaguar,S-Type,4A31K2DF4BE465442,2003,8/10/2016,PO Box 595
910,Lincoln,Mark VIII,WBAET37434N443630,1993,21/11/2016,Room 1077
911,Chevrolet,Corvette,1G4HD57268U545714,1963,19/12/2013,5th Floor
912,Lincoln,Navigator,WBAKB4C59BC927840,2012,2/9/2007,3rd Floor
913,Mazda,RX-8,1FBNE3BL7DD913404,2007,30/6/2022,Apt 1605
914,Chevrolet,Express 2500,5TDDK4CC4AS846946,1996,25/4/2005,Apt 1102
915,Volvo,V70,WAU2GAFC1DN749116,2009,18/12/2013,Apt 1531
916,Subaru,Outback,19UUA65634A749794,2009,4/4/2014,9th Floor
917,Nissan,280ZX,5UXZV4C56D0947586,,,
918,Nissan,Titan,4JGCB2FB6AA586142,2012,13/4/2014,PO Box 47603
919,Audi,100,1G6AH1RX5F0847031,1989,28/6/2011,Room 555
920,Audi,Q7,JN8AF5MR1DT402529,2011,3/5/2018,PO Box 69389
921,Volkswagen,Rabbit,5UXZV4C59CL745354,2010,29/3/2001,Room 228
922,Volkswagen,Jetta,WA1KK98R19A680096,,,
923,Lexus,IS F,5NPDH4AE1EH712152,2008,10/1/2001,Apt 1044
924,Chevrolet,Tahoe,1FBNE3BLXCD880946,2008,20/6/2019,PO Box 20833
925,Lamborghini,Gallardo,JA32U2FU5EU943938,2012,11/2/2011,Suite 85
926,Audi,A6,WAUBFAFL9EA139542,2011,3/11/2000,Suite 81
927,Mitsubishi,Pajero,WAUBGBFC5CN766053,1993,12/9/2007,Room 445
928,Saturn,S-Series,WAUJT58E83A300986,1997,18/8/2001,Suite 7
929,Lincoln,Mark VII,WAUUFAFH7AN910622,1992,19/2/2003,Suite 30
930,Toyota,Sienna,1GYS3CEF5BR518421,2001,18/6/2000,PO Box 37084
931,Chevrolet,Express 3500,1FTSW2A51AE733026,2008,20/10/2008,Apt 1733
932,Chrysler,Grand Voyager,1G4HP54K62U835051,2000,23/10/2021,PO Box 92065
933,Audi,A6,WBA3A9C51EF705557,1995,14/8/2008,Apt 1161
934,Chevrolet,Tahoe,1FT7W2A66EE794361,2013,16/10/2022,Apt 1950
935,Buick,Enclave,YV4952BLXE1423159,,,
936,Mercedes-Benz,300E,JN1BJ0HP0EM865593,1992,8/7/2009,Suite 60
937,Honda,Accord,JN8AF5MR3DT548558,1992,16/11/2017,Apt 1477
938,Buick,Century,4T1BF1FK2DU090980,1991,9/10/2018,15th Floor
939,Saab,9-5,WBAPH57599N261758,2001,15/12/2019,PO Box 54087
940,Ford,Falcon,WBAKG1C50CE742999,1967,5/8/2010,Suite 68
941,Mercedes-Benz,E-Class,WBAYB6C51ED109877,1992,7/10/2009,PO Box 15468
942,Ford,F150,1GYFK66878R668013,,,
943,Lincoln,Town Car,WAUTFAFH8AN100718,1999,10/5/2003,PO Box 73164
944,Ford,Thunderbird,1HGCP2F35AA442646,1994,24/4/2019,Apt 1340
945,Scion,tC,5GADV23L66D927494,2005,30/12/2013,Suite 9
946,Volkswagen,Passat,1FTSF3B54AE968752,2012,22/3/2013,Room 1515
947,Dodge,Stratus,1C3CC5FB2AN016011,2006,18/2/2009,Suite 45
948,Suzuki,X-90,WAUAC48H03K149866,1997,4/11/2008,PO Box 63189
949,Chevrolet,Corvette,3D7JB1EK2BG794518,,,
950,Audi,S4,2T1KU4EE7BC557568,2011,1/3/2011,Suite 32
951,Nissan,Altima,JM1NC2EF4A0243088,2012,27/5/2002,7th Floor
952,Toyota,4Runner,WBA3G7C57FK375659,2011,11/4/2010,Apt 1207
953,Subaru,Outback,WAUHFAFL8DA578000,2003,15/4/2005,PO Box 42047
954,Maybach,57,KMHTC6AD4DU225508,,,
955,Ford,Explorer,1G6DW67V190014395,1993,16/6/2018,14th Floor
956,Chrysler,300M,KL4CJFSB8FB659253,2000,16/10/2020,Suite 38
957,Daewoo,Leganza,5UXWZ7C50F0631077,2002,9/3/2009,PO Box 56981
958,Hyundai,Elantra,1G6DV1EPXE0726537,,,
959,Toyota,Tundra,JM1NC2NF5E0924088,,,
960,Mercury,Cougar,VNKKTUD38FA827573,1987,26/2/2001,Apt 884
961,Honda,S2000,WBAPL5C51BA965812,2004,5/11/2003,Room 563
962,Ram,3500,1N6AF0KX9FN302389,2011,17/4/2004,Suite 66
963,Ford,Escort,2C3CDYAGXEH223018,,,
964,Ford,Focus,2G61L5S37E9584641,2001,14/1/2013,Apt 263
965,Audi,A4,KNAFT4A28B5530034,1998,13/11/2001,Apt 171
966,Honda,Odyssey,WAUGFAFC1EN887975,2002,12/8/2004,13th Floor
967,Spyker,C8,ZFF60FCA2A0212497,2006,5/12/2000,PO Box 58975
968,Cadillac,Escalade EXT,WAUWGAFB3AN789606,2009,24/9/2022,Room 398
969,Oldsmobile,Aurora,JH4KB16537C453337,2001,3/7/2008,Room 547
970,Toyota,Yaris,WP0AB2A82CS598034,2012,25/8/2003,Room 1289
971,MINI,Cooper,JHMZF1C69DS621435,2005,5/6/2008,2nd Floor
972,Mazda,MPV,KMHD35LH1FU532250,1990,24/5/2010,Room 683
973,Mitsubishi,Lancer,WAUBFCFL5CA181053,2007,18/12/2018,18th Floor
974,Cadillac,Escalade EXT,WBAAZ33405K069760,2011,8/4/2007,7th Floor
975,Mitsubishi,Pajero,2G4GR5EK1C9710834,1998,21/7/2015,Suite 1
976,Mercedes-Benz,G-Class,SCBCP7ZA9AC545422,2011,24/10/2002,Suite 76
977,Ford,Econoline E250,SCBBR93W67C260658,1992,5/3/2000,Apt 134
978,GMC,Savana 3500,2G4GV5GV1D9666449,2003,22/7/2013,Room 1433
979,Kia,Sephia,1GYFC66878R517573,1995,21/2/2006,Apt 1768
980,Jaguar,XK Series,WAUDV94FX9N870650,,,
981,Chevrolet,Avalanche 2500,5NPDH4AE4EH394723,2005,29/5/2021,2nd Floor
982,Chevrolet,Equinox,1G6KD5E6XBU801928,2009,18/8/2002,5th Floor
983,Volkswagen,Golf,1GD322CG5EF819761,,,
984,Chevrolet,Corvette,2B3CM5CT1BH204505,1988,29/5/2017,Suite 86
985,Lincoln,Aviator,YV126MFJ1F1046593,2003,27/7/2000,Suite 100
986,Ford,E250,JTHBF5C23D5206759,2007,5/8/2003,14th Floor
987,Dodge,Charger,5J8TB2H24AA763970,,,
988,Volkswagen,GTI,1G6DS1E38C0010030,1996,26/2/2002,4th Floor
989,Toyota,Highlander,JM3KE2BE8F0654968,2011,12/6/2005,Apt 1451
990,Honda,Prelude,1GKKRNED8BJ084187,,,
991,Dodge,Ram 1500,WAUXG74F59N000137,1999,26/8/2003,Room 754
992,Toyota,T100 Xtra,WAUCD54B94N333846,1997,24/12/2007,PO Box 72232
993,Isuzu,Amigo,1G6DP577770040201,1992,16/9/2012,Room 126
994,Bentley,Continental GTC,1FTWX3A54AE375943,,,
995,BMW,1 Series,WAUHF98P69A507688,,,
996,Chevrolet,2500,WBAHN83548D722048,1995,15/5/2020,13th Floor
997,Aston Martin,Virage,5J6TF1H32EL734400,,,
998,Smart,Fortwo,WAUDH78E77A929980,2010,5/12/2007,PO Box 17037
999,Acura,TL,19UYA42451A290272,2001,18/4/2016,Apt 517
1000,Volvo,960,1FTFW1E86AK978504,1993,20/4/2021,PO Box 96475
